SYMBOL,AVG_TTL_TRD_QNTY,AVG_DELIV_QTY
20MICRONS,128799.6,61422.5
21STCENMGM,10432.9,8986.2
360ONE,1091600.5,660557.3
3IINFOLTD,438883.9,233416.3
3MINDIA,4678.3,2541.8
3PLAND,7473.6,4805.9
5PAISA,79211.8,18746.5
63MOONS,474551.5,184521.3
AAATECH,13779.2,8875.2
AADHARHFC,669832.6,419821.5
AARON,7590.5,4854.6
AARTECH,385572.8,160598.5
AARTIDRUGS,414255.3,153981.7
AARTIIND,874986.8,366592.5
AARTIPHARM,332442.5,164165.0
AARVI,8679.4,4649.8
AAVAS,411075.6,149880.0
ABAN,99290.6,55968.8
ABB,216260.4,125259.8
ABBOTINDIA,10910.5,3925.9
ABCAPITAL,4337877.1,2025999.2
ABDL,424507.3,189996.5
ABFRL,11680625.8,4876228.7
ABGSEC,1200.0,991.33
ABLBL,2295259.2,1321358.2
ABMINTLLTD,1347.5,1347.5
ABREL,105728.7,56554.2
ABSLAMC,520334.6,219919.5
ABSLBANETF,457343.8,444357.0
ABSLLIQUID,9125.9,6867.5
ABSLNN50ET,9629.1,6756.4
ABSLPSE,265428.3,226858.5
ACC,363089.4,180317.5
ACCELYA,7083.6,4069.1
ACCURACY,279461.5,222059.0
ACE,134095.2,62811.1
ACEINTEG,9319.4,5036.9
ACI,189711.8,79113.9
ACL,16941.8,10887.9
ACLGATI,272307.1,114340.0
ACMESOLAR,3475428.6,878346.2
ACUTAAS,356020.4,216342.8
ADANIENSOL,2640707.1,1403507.5
ADANIENT,478240.0,148021.7
ADANIGREEN,1428626.4,379752.5
ADANIPORTS,1098046.5,557617.0
ADANIPOWER,6116716.9,1754922.3
ADFFOODS,65277.0,28868.9
ADOR,35745.3,16120.6
ADROITINFO,49097.6,29964.4
ADSL,128799.8,54746.9
ADVANIHOTR,40127.2,25057.4
ADVENZYMES,282761.5,125961.9
AEGISLOG,603781.9,228016.5
AEGISVOPAK,1600288.3,981425.4
AEROENTER,310215.6,144515.9
AEROFLEX,2153123.9,468569.7
AETHER,151425.2,89300.5
AFCONS,777645.6,463858.3
AFFLE,321247.8,151228.3
AFFORDABLE,19768.1,10684.8
AFIL,1445085.3,889491.8
AFSL,47665.3,33241.8
AGARIND,18019.7,11027.9
AGARWALEYE,391865.2,250499.3
AGI,73974.8,39906.8
AGIIL,235226.4,86390.2
AGRITECH,7002.3,3843.0
AGROPHOS,40181.3,24677.9
AHLADA,17404.0,11253.9
AHLEAST,14517.9,10600.2
AHLUCONT,68941.6,23689.6
AIAENG,64161.9,38172.5
AIIL,203174.9,75007.0
AIRAN,258255.0,116777.1
AIROLAM,22006.8,7834.5
AJANTPHARM,189646.7,132000.1
AJAXENGG,230124.8,121249.5
AJMERA,37865.8,16809.8
AJOONI,339578.6,248815.6
AKASH,8323.3,4564.2
AKG,812235.3,584942.3
AKI,240973.67,200100.33
AKSHARCHEM,24160.1,13826.3
AKSHOPTFBR,273357.2,173448.7
AKUMS,313870.7,150863.5
AKZOINDIA,291208.2,239156.3
ALANKIT,1797396.8,663476.2
ALBERTDAVD,11383.9,6914.6
ALEMBICLTD,1072547.3,302905.1
ALICON,18036.4,7811.5
ALIVUS,81774.6,37435.2
ALKALI,9673.0,5479.5
ALKEM,133432.7,81460.6
ALKYLAMINE,173676.4,41313.8
ALLCARGO,1702345.7,795253.6
ALLDIGI,7176.5,3935.1
ALMONDZ,502217.6,227174.3
ALOKINDS,56742014.7,8093504.8
ALPA,35173.2,23629.3
ALPHA,1071255.3,748592.3
ALPHAETF,492642.0,337167.1
ALPHAGEO,8219.9,5028.0
ALPL30IETF,845715.9,643142.9
AMBER,495352.3,137953.7
AMBICAAGAR,41605.6,13156.0
AMBIKCO,9073.8,4091.0
AMBUJACEM,2493749.2,1307407.4
AMDIND,37409.8,17507.5
AMJLAND,68313.9,32120.5
AMNPLST,10803.3,5594.2
AMRUTANJAN,30471.3,18918.0
ANANDRATHI,274681.7,74625.8
ANANTRAJ,1553669.0,550569.0
ANDHRAPAP,295351.9,124598.8
ANDHRSUGAR,143960.1,63521.3
ANGELONE,1293163.1,316232.2
ANIKINDS,6803.4,4607.8
ANMOL,69821.1,38815.0
ANTGRAPHIC,394889.4,238031.4
ANUHPHR,70945.9,42226.3
ANUP,34287.9,15707.8
ANURAS,122380.9,55696.3
AONELIQUID,28776.6,24479.8
AONENIFTY,436757.2,379232.0
AONETOTAL,443527.8,271962.3
APARINDS,76858.3,34708.5
APCL,42928.0,11418.0
APCOTEXIND,23004.0,13662.5
APEX,93795.9,40494.9
APLAPOLLO,781126.3,505988.2
APLLTD,1754185.2,158710.5
APOLLO,3464223.7,1365531.4
APOLLOHOSP,654116.5,385353.1
APOLLOPIPE,101546.5,55296.5
APOLLOTYRE,1769144.6,731773.1
APOLSINHOT,4725.9,2322.6
APTUS,1797190.9,1125251.5
ARCHIDPLY,17894.1,12852.3
ARE&M,604643.6,349614.4
ARENTERP,19116.0,9696.12
ARIES,122486.9,55523.2
ARIHANTCAP,503808.7,255385.5
ARIHANTSUP,65287.6,26937.0
ARISINFRA,1111104.6,356114.8
ARKADE,2343822.8,700497.8
ARMANFIN,24555.8,11488.4
AROGRANITE,16535.1,9224.6
ARTEMISMED,82822.2,40263.0
ARVEE,9204.8,3602.7
ARVIND,333183.3,156157.7
ARVINDFASN,415515.9,277314.4
ARVSMART,40591.6,21730.4
ASAHIINDIA,2016398.7,261473.2
ASAL,199243.8,34808.6
ASALCBR,69993.3,28809.0
ASHAPURMIN,503722.5,208051.9
ASHIANA,37694.7,22384.2
ASHOKA,837473.6,364652.2
ASHOKAMET,48282.8,25629.0
ASHOKLEY,4206029.4,2509995.8
ASIANENE,58209.0,31104.7
ASIANPAINT,1242109.3,574686.0
ASKAUTOLTD,308044.5,135723.6
ASMS,397566.3,236767.1
ASPINWALL,3521.0,2685.5
ASTEC,53271.5,23860.7
ASTERDM,3545262.8,809190.4
ASTRAL,628655.1,357521.8
ASTRAMICRO,517137.0,236958.2
ASTRAZEN,41540.0,11824.6
ASTRON,18031.4,10354.4
ATAM,18203.6,10190.6
ATGL,661664.3,203302.9
ATHERENERG,696236.6,365716.8
ATL,234663.7,137075.1
ATLANTAA,28510.1,17642.8
ATUL,35540.5,17428.7
ATULAUTO,45851.7,20967.3
AUBANK,2078766.8,1243398.5
AURIONPRO,287848.7,76085.8
AUROPHARMA,1364686.6,516477.0
AURUM,34289.0,19279.5
AUTOAXLES,8281.4,5502.8
AUTOBEES,121660.0,71908.8
AUTOIETF,1203441.2,1065001.7
AUTOIND,132796.8,80368.5
AVADHSUGAR,52749.3,30918.8
AVALON,218621.6,98213.6
AVANTEL,1618346.6,649133.3
AVANTIFEED,404999.3,178726.2
AVG,21214.3,14707.4
AVL,238548.3,129762.6
AVROIND,36755.0,21860.4
AVTNPL,77589.7,46383.4
AWFIS,238937.4,137495.1
AWHCL,85233.1,37404.2
AWL,1573744.1,810019.3
AXISBANK,6413676.6,4500055.7
AXISBNKETF,1001.1,603.0
AXISBPSETF,36382.8,26765.1
AXISCETF,3517.8,2886.7
AXISGOLD,651713.4,588461.0
AXISHCETF,3952.7,3119.5
AXISILVER,394136.0,359196.7
AXISNIFTY,4281.5,3285.2
AXISTECETF,2453.2,1939.5
AXISVALUE,22838.8,20171.6
AXITA,2254365.2,603938.0
AXSENSEX,3845.4,3597.6
AYMSYNTEX,53039.5,42344.5
AZAD,124936.5,58029.8
BAFNAPH,15012.11,9598.56
BAGFILMS,120191.1,78139.8
BAIDFIN,202436.5,116264.0
BAJAJ-AUTO,259763.1,140721.8
BAJAJCON,2938365.6,669769.7
BAJAJELEC,73478.1,33769.7
BAJAJFINSV,1159986.0,643416.3
BAJAJHCARE,203643.7,103955.4
BAJAJHFL,4526176.6,2269583.3
BAJAJHIND,15701288.3,5556520.8
BAJAJHLDNG,41636.4,20002.6
BAJAJINDEF,307326.6,112999.4
BAJFINANCE,6134638.3,3378707.6
BALAJEE,156832.2,106970.3
BALAMINES,179116.5,52498.6
BALAXI,610901.3,394716.7
BALKRISHNA,71582.0,24547.8
BALKRISIND,459629.5,267675.6
BALMLAWRIE,216924.9,109637.7
BALPHARMA,15687.5,9771.8
BALRAMCHIN,380973.8,174352.2
BANARBEADS,10197.3,4598.9
BANARISUG,2607.9,1934.3
BANCOINDIA,523337.4,199511.9
BANDHANBNK,7769042.6,3082585.5
BANG,46711.6,17775.4
BANKA,12360.8,4039.5
BANKBARODA,9679986.8,4390506.2
BANKBEES,431976.1,248275.2
BANKBETF,27603.0,21459.1
BANKETF,2466.9,2348.7
BANKETFADD,486893.4,473156.9
BANKIETF,1106035.8,882937.4
BANKINDIA,9431413.7,4466555.8
BANKNIFTY1,211324.2,199175.2
BANKPSU,24911.6,18187.3
BANSALWIRE,144688.7,84106.8
BANSWRAS,94272.9,58631.5
BARBEQUE,98922.8,54193.1
BASF,22639.1,9683.0
BASML,186581.9,111607.8
BATAINDIA,155783.5,64528.8
BAYERCROP,63179.4,42363.8
BBETF0432,2497.0,2258.9
BBL,55562.5,26457.2
BBNPNBETF,1792.3,972.7
BBNPPGOLD,1564.0,1271.8
BBTC,46228.0,18663.8
BBTCL,6183.4,3865.0
BCLIND,460905.3,233255.7
BCONCEPTS,8228.4,5521.0
BDL,2658755.8,720894.2
BEARDSELL,207301.9,84299.4
BECTORFOOD,147355.1,90506.1
BEDMUTHA,5998.6,3820.6
BEL,19496702.6,9289454.2
BELRISE,24931618.0,7907145.6
BEML,614099.9,154110.1
BEPL,284174.4,134983.8
BERGEPAINT,588374.0,376149.2
BESTAGRO,100545.1,35826.7
BFINVEST,56345.9,24457.4
BFSI,440371.4,381388.8
BFUTILITIE,180409.2,71225.2
BHAGCHEM,63887.6,33582.2
BHAGERIA,113734.7,44563.9
BHAGYANGR,77747.1,37667.4
BHANDARI,529513.3,309354.7
BHARATFORG,1071699.6,512260.7
BHARATGEAR,14110.5,8239.8
BHARATRAS,7316.1,2126.5
BHARATWIRE,228774.2,78536.6
BHARTIARTL,5314450.9,3967680.9
BHARTIHEXA,390477.4,215989.7
BHEL,6927715.7,2540005.9
BIGBLOC,82242.2,46843.6
BIKAJI,163166.1,107367.9
BIL,21663.8,17888.2
BIOCON,4290271.8,2071321.7
BIRLACORPN,103044.4,61924.0
BIRLAMONEY,120179.8,64060.1
BIRLANU,7138.7,3803.0
BLACKBUCK,518852.7,319253.4
BLAL,52828.2,28411.5
BLBLIMITED,23983.0,18130.1
BLISSGVS,490181.8,188214.6
BLKASHYAP,528507.9,266005.3
BLS,2504170.5,870079.1
BLUEDART,104016.2,11743.6
BLUEJET,333446.3,162097.1
BLUESTARCO,1092878.2,534470.9
BLUSPRING,1302213.7,557851.5
BODALCHEM,571714.0,255559.2
BOMDYEING,1200169.8,446505.3
BORANA,294824.1,105207.9
BOROLTD,91966.1,45307.5
BORORENEW,759565.1,325011.1
BOROSCI,107694.5,41323.7
BOSCHLTD,69571.1,20692.4
BPCL,7328767.4,4018271.8
BPL,56557.2,28529.5
BRIGADE,313045.4,180627.0
BRITANNIA,238938.6,153018.1
BSE,6655673.6,2081798.4
BSE500IETF,267192.5,219727.1
BSHSL,32489.7,8638.7
BSLGOLDETF,107876.9,91222.6
BSLNIFTY,666474.9,544820.7
BSLSENETFG,1492.1,1140.6
BSOFT,1208314.1,521787.2
BTML,603573.5,353568.5
BUTTERFLY,9033.6,5909.3
BVCL,15447.9,8294.3
CALSOFT,93637.0,81412.5
CAMPUS,1614313.4,194987.9
CAMS,377427.2,156038.4
CANBK,18137122.9,8111310.6
CANFINHOME,291750.8,182824.9
CANTABIL,247065.4,125913.6
CAPACITE,254382.0,129337.5
CAPITALSFB,53924.1,30347.3
CAPLIPOINT,108834.9,53283.3
CARBORUNIV,201527.0,91748.4
CARERATING,113003.5,58161.6
CARRARO,66689.0,35847.2
CARTRADE,528716.2,226090.4
CARYSIL,101982.4,47793.3
CASHIETF,307085.0,246030.9
CASTROLIND,3048940.3,1230232.6
CCCL,331114.8,200262.5
CCHHL,572712.4,172462.1
CCL,300354.7,158997.6
CDSL,3502540.3,1014452.3
CEATLTD,169435.7,59064.3
CEIGALL,1137132.0,395011.3
CELEBRITY,133433.1,78582.7
CELLO,198706.6,77306.2
CENTENKA,17038.3,7799.7
CENTEXT,985999.6,295201.3
CENTRALBK,9685423.0,4178868.5
CENTUM,17272.1,9085.9
CENTURYPLY,76793.2,56997.9
CERA,26368.3,14563.5
CESC,4270181.1,1853103.2
CEWATER,63297.3,25112.6
CGCL,5573084.1,2283749.3
CGPOWER,2924381.1,1457013.2
CHALET,165752.7,112028.6
CHAMBLFERT,1223838.7,527765.9
CHEMCON,18561.3,10614.8
CHEMFAB,7557.6,3575.4
CHEMPLASTS,33453.5,17021.5
CHENNPETRO,4574174.3,1002724.0
CHEVIOT,5297.4,2721.9
CHOICEIN,435102.5,143788.1
CHOLAFIN,2274117.5,1516021.9
CHOLAHLDNG,234094.6,109269.2
CIEINDIA,235693.5,171048.3
CIFL,402084.6,147095.4
CIGNITITEC,60687.3,27067.3
CINELINE,19637.9,11900.2
CIPLA,1315046.2,805577.5
CLEAN,53168.9,24633.5
CLEDUCATE,44145.1,27496.7
CLSEL,231242.3,87606.7
CMSINFO,320072.6,174686.6
COALINDIA,4834681.5,2979224.1
COASTCORP,48495.8,30680.8
COCHINSHIP,1501853.5,372496.9
COFFEEDAY,956364.4,522558.3
COFORGE,1473029.0,784818.1
COHANCE,291167.3,150130.3
COLPAL,480987.1,270744.3
COMMOIETF,61047.7,38466.7
COMPUSOFT,63889.1,32557.2
COMSYN,160629.3,75666.5
CONCOR,1712320.9,815750.3
CONCORDBIO,170778.9,93112.4
CONFIPET,1806201.5,733643.5
CONS,4822.5,4228.1
CONSOFINVT,7807.5,4243.2
CONSUMBEES,89235.6,58033.0
CONSUMER,161497.3,116248.8
CONSUMIETF,39273.4,26004.1
CONTROLPR,41778.6,21445.1
CORALFINAC,31032.7,17325.4
CORDSCABLE,29671.2,14838.9
COROMANDEL,692154.8,335456.5
COSMOFIRST,59834.3,29595.0
CPCAP,8155.9,6026.3
CPSEETF,1209795.9,814418.0
CRAFTSMAN,81319.1,43028.1
CREATIVE,23489.7,16463.6
CREDITACC,1120421.4,230778.4
CREST,21482.7,13703.1
CRISIL,67297.6,36701.6
CRIZAC,47163068.33,11218933.67
CROMPTON,1562076.0,875819.9
CROWN,17236.6,10547.4
CSBBANK,664359.5,376280.6
CSLFINANCE,19558.0,9661.7
CUB,3507185.5,1559062.9
CUBEXTUB,40513.5,22001.38
CUMMINSIND,500453.8,304807.2
CUPID,2362786.7,1173898.8
CYBERMEDIA,12683.2,7463.8
CYIENT,343717.3,186090.7
CYIENTDLM,224717.5,101724.7
DABUR,3529566.1,1765281.8
DALBHARAT,300593.3,192828.4
DALMIASUG,131942.4,63256.0
DAMCAPITAL,427674.6,180440.7
DAMODARIND,27644.4,10170.0
DANGEE,1136816.88,538609.75
DATAMATICS,475581.2,114836.4
DATAPATTNS,262219.2,98997.5
DAVANGERE,2240511.2,1257614.6
DBCORP,145234.7,66847.4
DBEIL,78313.1,50047.9
DBL,126479.2,49744.1
DBREALTY,5044464.1,2146360.5
DBSTOCKBRO,66353.2,33577.8
DCBBANK,1685893.1,1124044.8
DCI,7323.6,3904.5
DCM,254876.4,72863.4
DCMNVL,11285.1,6875.2
DCMSHRIRAM,1278821.7,129229.3
DCMSRIND,119659.4,55881.4
DCW,1085971.9,489829.2
DCXINDIA,1327708.2,465737.6
DDEVPLSTIK,119367.4,67446.2
DECCANCE,56318.6,30429.1
DEEDEV,182106.2,78746.4
DEEPAKFERT,609443.1,209596.3
DEEPAKNTR,157876.4,82244.0
DEEPINDS,111271.0,58679.1
DELHIVERY,3283682.0,1786032.6
DELPHIFX,264473.33,63273.17
DELTACORP,959742.2,508213.0
DEN,872299.5,335634.2
DENORA,10989.4,4875.0
DENTA,140780.8,58570.5
DEVIT,111017.9,45362.3
DEVYANI,2288390.9,1262889.4
DGCONTENT,40700.22,27420.44
DHAMPURSUG,202613.5,78092.2
DHANBANK,1321214.1,485599.6
DHANI,3315468.9,1138887.9
DHANUKA,114256.2,50196.7
DHUNINV,887.4,582.3
DIACABS,8106336.6,2288964.2
DIAMINESQ,9635.5,5293.1
DIAMONDYD,59534.8,32554.4
DICIND,2253.7,1463.8
DIFFNKG,370554.3,118481.4
DIGIDRIVE,30969.4,17776.5
DIGISPICE,125149.1,50047.6
DIGITIDE,1293976.4,495957.6
DIVGIITTS,9060.1,5055.4
DIVISLAB,337606.6,181652.0
DIVOPPBEES,58977.3,40141.6
DIXON,557454.0,205206.4
DJML,20490.5,13741.2
DLF,2223633.2,1071692.7
DLINKINDIA,421142.8,160089.4
DMART,681848.3,308690.1
DMCC,33790.0,18626.7
DNAMEDIA,100769.9,50725.7
DODLA,78390.0,43631.8
DOLATALGO,328203.6,155435.8
DOLLAR,111091.7,74278.4
DOLPHIN,15116.2,9553.1
DOMS,57260.1,29736.1
DONEAR,147785.0,54203.1
DPABHUSHAN,19223.7,7117.9
DPSCLTD,446177.5,239058.0
DPWIRES,15094.5,7501.3
DREAMFOLKS,2196238.11,613169.33
DREDGECORP,32862.8,12562.8
DRREDDY,1529554.3,894251.1
DSSL,23350.0,12339.3
DTIL,12950.1,6954.6
DUCON,801272.3,397629.0
DVL,11372.0,6708.0
DWARKESH,468571.7,200465.6
DYCL,223957.9,90472.2
DYNAMATECH,5699.0,2787.6
DYNPRO,272318.3,67489.3
E2E,55280.7,29757.9
EASEMYTRIP,8210749.2,3994830.0
EBANKNIFTY,1338.5,975.4
EBBETF0430,26984.6,23935.8
EBBETF0431,14895.6,13312.5
EBBETF0433,3459.6,2740.4
ECAPINSURE,68337.2,49317.8
ECLERX,42341.6,21030.8
ECOSMOBLTY,293402.4,73129.8
EDELWEISS,4482138.3,1874867.8
EGOLD,164819.4,157638.6
EICHERMOT,299223.4,182432.1
EIDPARRY,346253.3,131356.1
EIEL,11170377.5,1606542.0
EIFFL,138341.25,51053.25
EIHAHOTELS,32803.1,16219.4
EIHOTEL,405156.9,254885.1
EIMCOELECO,45931.4,14810.7
EKC,394321.0,176591.3
ELDEHSG,1977.2,1552.2
ELECON,1153945.1,357802.5
ELECTCAST,2528632.4,1025886.0
ELECTHERM,12299.2,8582.3
ELGIEQUIP,1312710.2,418417.0
ELLEN,5016073.67,2108687.11
EMAMILTD,854968.3,421691.3
EMAMIPAP,120251.7,49717.9
EMBDL,3806331.4,1397844.5
EMCURE,738906.7,577601.7
EMIL,963483.5,302895.4
EMMBI,23823.4,12802.8
EMSLIMITED,168177.3,79283.1
EMUDHRA,83425.3,34939.5
EMULTIMQ,32220.0,27162.7
ENDURANCE,365745.6,93568.3
ENGINERSIN,5920879.4,2283047.1
ENIL,30578.7,17183.2
ENRIN,1167100.57,755139.57
ENTERO,76686.2,41946.1
EPACK,498562.5,246881.0
EPIGRAL,28218.9,15743.3
EPL,471146.1,243308.4
EQUAL200,31176.1,29537.0
EQUAL50,669.89,601.22
EQUAL50ADD,4182.0,2695.6
EQUITASBNK,5718181.0,3389985.4
ERIS,143730.3,69041.6
ESABINDIA,3207.0,1424.9
ESAFSFB,1263560.3,432021.8
ESCORTS,80764.9,31273.2
ESG,64215.2,60669.9
ESILVER,126411.1,123440.2
ESSENTIA,2043648.7,1145337.0
ESTER,148327.8,56558.2
ETERNAL,18213112.1,9843484.2
ETHOSLTD,30205.9,20419.4
EUREKAFORB,127178.2,70892.7
EUROTEXIND,3010.1,1995.5
EVEREADY,371735.1,166299.4
EVIETF,82694.7,68040.0
EVINDIA,242423.4,150562.9
EXCEL,8040943.9,4599184.4
EXCELINDUS,16517.9,8635.0
EXICOM,657388.4,221299.7
EXIDEIND,1619162.4,861094.2
EXPLEOSOL,30956.2,12503.0
FACT,190226.3,52562.0
FAIRCHEMOR,23588.7,6545.8
FAZE3Q,130054.7,35841.5
FCL,201623.2,76901.3
FCSSOFT,4231173.2,2333034.8
FDC,187420.0,66051.2
FEDERALBNK,7442453.4,3836055.4
FEDFINA,542156.0,317917.5
FIBERWEB,51198.9,32031.1
FIEMIND,69848.2,31501.3
FILATEX,3657333.5,1207435.3
FILATFASH,95332378.4,39574297.8
FINCABLES,201145.0,93443.0
FINEORG,24059.4,11617.2
FINIETF,958327.1,807204.8
FINOPB,532066.2,146266.9
FINPIPE,628726.5,274600.2
FIRSTCRY,2093382.5,479087.7
FISCHER,58324.5,24616.0
FIVESTAR,1089342.6,767324.1
FLAIR,426162.6,180037.3
FLUOROCHEM,96748.1,64918.3
FMCGIETF,1519178.6,1002893.3
FMGOETZE,447964.6,96805.9
FORCEMOT,214187.0,47828.3
FORTIS,1376640.8,796811.4
FOSECOIND,3842.7,1592.7
FSL,1239361.0,506357.7
FUSION,713447.7,266472.1
GABRIEL,1353591.9,472786.2
GAEL,408909.2,209791.8
GAIL,13319843.4,7517004.7
GALAPREC,27082.2,11724.2
GALAXYSURF,17669.2,8929.9
GALLANTT,423924.0,103071.6
GANDHAR,103356.7,54475.8
GANDHITUBE,3031.7,1818.5
GANECOS,64546.1,37300.4
GANESHBE,209986.2,90141.2
GANESHHOUC,116096.7,53360.3
GANGAFORGE,925004.4,429077.6
GANGESSECU,4647.4,2438.5
GARFIBRES,58608.3,24422.0
GARUDA,2871503.9,512878.5
GATECHDVR,17445688.0,12773860.0
GATEWAY,1079387.0,615587.4
GEECEE,4441.5,3080.5
GEEKAYWIRE,69024.2,45124.3
GENESYS,208807.1,100726.2
GENUSPAPER,595344.2,311580.3
GENUSPOWER,615399.5,355080.5
GEOJITFSL,534492.2,247990.8
GEPIL,473895.1,159697.0
GESHIP,633024.5,276026.6
GFLLIMITED,51843.4,30318.3
GHCL,79308.9,41466.2
GHCLTEXTIL,127251.4,66504.1
GICHSGFIN,153288.2,83105.6
GICRE,594931.6,307099.8
GILLANDERS,33599.9,20063.1
GILLETTE,24816.9,10355.9
GILT5YBEES,482658.3,426278.6
GIPCL,865871.8,397312.8
GKWLIMITED,4092.5,3932.1
GLAND,346664.7,264658.3
GLAXO,85522.5,48253.1
GLENMARK,2602204.1,959532.2
GLOBAL,26720.5,14676.5
GLOBALVECT,68170.9,18320.6
GLOBE,1281506.6,1016377.6
GLOBUSSPR,115025.0,55579.4
GLOSTERLTD,14744.1,7544.5
GMBREW,43499.1,18695.3
GMDCLTD,1732735.9,646567.5
GMMPFAUDLR,69380.7,34952.2
GMRAIRPORT,15283141.4,7711568.4
GMRP&UI,2505787.1,1208558.5
GNA,32832.0,16620.9
GNFC,480016.5,217217.4
GOACARBON,12743.1,5437.1
GOCLCORP,130865.6,42358.5
GOCOLORS,60796.8,40897.6
GODFRYPHLP,203329.0,48269.9
GODHA,24511375.56,10964412.44
GODIGIT,753300.1,510862.8
GODREJAGRO,174678.3,75135.0
GODREJCP,1709438.3,750672.2
GODREJIND,252582.0,69739.2
GODREJPROP,669723.6,322059.6
GOKEX,596257.4,136466.5
GOKUL,29871.7,17646.4
GOKULAGRO,290082.0,102730.2
GOLD1,944753.8,732989.5
GOLD360,8587.5,8116.0
GOLDBEES,11419823.9,7494636.9
GOLDCASE,2146132.3,1509776.5
GOLDETF,289356.6,205491.8
GOLDETFADD,129750.6,109597.4
GOLDIAM,236485.5,97963.0
GOLDIETF,2297516.3,1658745.2
GOLDSHARE,415359.7,347933.1
GOLDTECH,114498.8,60705.4
GOODLUCK,165574.8,68774.1
GOPAL,137813.6,84661.3
GOYALALUM,82019.8,54973.4
GPIL,840986.7,387649.1
GPPL,1020531.4,530740.5
GPTHEALTH,896359.6,376344.6
GPTINFRA,110341.2,58112.8
GRANULES,514272.9,177470.0
GRAPHITE,618737.3,214863.1
GRASIM,562175.0,339564.3
GRAVITA,177849.8,77278.6
GREAVESCOT,1318812.1,442689.9
GREENLAM,40846.4,13716.4
GREENPANEL,168027.5,90028.4
GREENPLY,82308.7,46707.9
GREENPOWER,9487307.3,3005259.1
GRINDWELL,81017.1,63353.4
GRINFRA,29505.9,11530.7
GRMOVER,875843.3,286130.4
GROWWDEFNC,470791.0,314037.3
GROWWEV,254433.3,176171.3
GROWWGOLD,140633.6,80000.0
GROWWLIQID,171719.0,136183.3
GROWWLOVOL,128263.2,89017.5
GROWWMOM50,312403.9,211071.8
GROWWN200,233191.3,137869.7
GROWWNET,2482350.57,2318908.0
GROWWRAIL,304708.0,189984.3
GROWWSLVR,105961.1,74259.0
GRPLTD,2705.4,1728.2
GRSE,1210269.8,339693.1
GRWRHITECH,40057.0,21654.1
GSEC10ABSL,357.67,357.0
GSEC10IETF,8135.4,5098.3
GSEC10YEAR,9032.7,6422.3
GSEC5IETF,13188.2,6301.4
GSFC,889906.5,417689.9
GSLSU,113037.2,51706.8
GSPL,672871.7,452485.1
GSS,157197.4,77392.5
GTL,665452.6,351557.1
GTLINFRA,113114678.2,34263812.5
GTPL,80618.3,30733.9
GUFICBIO,50915.5,26584.5
GUJALKALI,57208.3,31998.0
GUJAPOLLO,16894.7,10434.1
GUJGASLTD,517343.7,286430.7
GUJRAFFIA,6075.0,3848.4
GUJTHEM,170717.3,96553.3
GULFOILLUB,135223.9,68126.8
GULFPETRO,133895.7,65439.0
GULPOLY,94521.5,56302.8
GVPTECH,261527.8,137978.7
GVT&D,330809.6,219660.9
HAL,1104019.1,475132.4
HAPPSTMNDS,264317.8,92500.1
HAPPYFORGE,13728.5,7472.2
HARIOMPIPE,1424812.3,212594.6
HARRMALAYA,14707.9,9431.8
HARSHA,70829.5,33550.4
HATHWAY,3310706.7,1076083.3
HATSUN,28180.9,13627.3
HAVELLS,985170.9,603108.5
HAVISHA,90852.38,58199.88
HBLENGINE,3623397.6,544034.8
HBSL,436663.0,147425.0
HCG,253311.2,154379.0
HCLTECH,1986148.4,1195525.9
HDBFS,17956579.62,9865751.62
HDFCAMC,358361.9,208958.9
HDFCBANK,7081175.4,4548374.0
HDFCBSE500,23958.3,15850.8
HDFCGOLD,2112650.3,1541457.2
HDFCGROWTH,22810.3,18216.1
HDFCLIFE,2927750.7,1957378.2
HDFCLIQUID,12890.7,9754.1
HDFCLOWVOL,19538.6,14886.3
HDFCMID150,306593.7,173236.7
HDFCMOMENT,204023.4,136096.3
HDFCNEXT50,60721.5,37592.4
HDFCNIF100,114297.2,86005.9
HDFCNIFBAN,468445.5,436766.9
HDFCNIFIT,47253.2,34250.5
HDFCNIFTY,92312.8,77459.0
HDFCPSUBK,31223.3,25096.1
HDFCPVTBAN,350683.1,339658.2
HDFCQUAL,24961.4,18715.8
HDFCSENSEX,28467.5,20175.1
HDFCSILVER,1103786.5,727443.8
HDFCSML250,1009562.2,623559.7
HDFCVALUE,5259.5,4451.6
HEADSUP,30152.6,21463.7
HEALTHADD,4116.2,2275.3
HEALTHIETF,76330.0,50249.5
HEALTHY,186697.8,144405.5
HEG,489334.0,160581.2
HEIDELBERG,277925.7,128228.9
HEMIPROP,289394.0,145667.8
HERANBA,277271.4,120296.4
HERITGFOOD,378817.4,184780.2
HEROMOTOCO,527074.5,243639.8
HESTERBIO,1270.7,777.0
HEUBACHIND,15641.2,11916.9
HEXATRADEX,14660.2,10084.7
HEXT,652095.5,430402.4
HFCL,6154954.5,2012248.4
HGINFRA,149183.9,70200.2
HGS,23280.6,12100.7
HIKAL,306149.1,179170.1
HIMATSEIDE,820022.2,346308.0
HINDALCO,4305212.7,2303376.1
HINDCOMPOS,5489.6,3342.5
HINDCON,27034.4,18547.4
HINDCOPPER,5496526.0,1580716.1
HINDOILEXP,471791.4,209189.7
HINDPETRO,4272057.5,2232428.5
HINDUNILVR,1980433.6,1205400.5
HINDWAREAP,86075.4,54376.9
HINDZINC,3175948.7,1411519.0
HIRECT,137399.8,47444.9
HISARMETAL,3999.0,2857.5
HITECH,1485959.5,662846.9
HITECHCORP,27040.6,15982.6
HLEGLAS,175403.1,80594.4
HLVLTD,586254.0,277548.7
HMAAGRO,498784.6,328695.7
HMVL,41182.4,21014.8
HNDFDS,197181.2,93276.8
HNGSNGBEES,68928.8,48252.9
HOMEFIRST,477197.9,143151.2
HONASA,488030.9,265678.0
HONAUT,7961.2,4086.4
HONDAPOWER,27524.8,7383.3
HPAL,171838.2,106168.4
HPIL,8405.3,4455.9
HPL,664387.0,218754.6
HSCL,3395700.1,712767.3
HUBTOWN,2249896.6,1000410.7
HUDCO,3818987.5,1240714.2
HUHTAMAKI,481103.6,198826.4
HYUNDAI,821826.5,422100.9
ICEMAKE,21005.5,11492.2
ICICIB22,398109.8,262687.8
ICICIBANK,7697769.3,5562353.0
ICICIGI,663124.3,478907.1
ICICIPRULI,1416369.8,733771.4
ICIL,265064.5,92319.0
ICRA,21601.8,18121.9
IDBI,13423136.3,4227666.4
IDEA,480391891.4,111394501.0
IDEAFORGE,431448.2,149094.6
IDFCFIRSTB,36299088.7,17547960.8
IDFNIFTYET,12110.2,11938.7
IEX,7265868.7,2543748.2
IFBIND,25839.7,13914.0
IFCI,7800128.6,2677043.1
IFGLEXPOR,48075.2,22950.0
IGARASHI,136409.7,43375.1
IGIL,775636.5,393626.4
IGL,4246624.8,1390936.8
IGPL,22657.1,12413.1
IIFL,3247665.5,1490619.1
IIFLCAPS,497047.7,219058.0
IKIO,141434.4,52221.3
IKS,259287.3,151873.2
IMAGICAA,680794.3,321471.7
IMFA,127285.5,59463.4
IMPAL,4641.0,3262.4
INDBANK,43416.9,21818.0
INDGN,330495.5,178452.5
INDHOTEL,3056700.0,2120886.3
INDIACEM,370131.5,137207.9
INDIAGLYCO,118003.3,47489.2
INDIAMART,146876.0,106099.6
INDIANB,1611190.2,855803.8
INDIANCARD,18192.8,7827.5
INDIANHUME,121124.5,49783.4
INDIASHLTR,964070.8,649919.7
INDIGO,1116269.4,784943.7
INDIGOPNTS,42298.6,23036.1
INDNIPPON,49637.0,27074.3
INDOAMIN,284293.6,94060.3
INDOBORAX,200669.9,94052.6
INDOCO,83410.0,44702.5
INDOSTAR,186041.7,88621.6
INDOTECH,20111.6,11397.2
INDOUS,5770.8,3630.0
INDOWIND,217930.4,106002.7
INDRAMEDCO,728659.1,172281.2
INDSWFTLAB,380639.0,197466.0
INDSWFTLTD,127740.1,72694.2
INDTERRAIN,55305.8,30060.3
INDUSINDBK,4123561.9,1315409.3
INDUSTOWER,6017464.7,3849097.9
INFIBEAM,24373086.9,10695134.5
INFOBEAN,9456.8,5602.2
INFRABEES,10457.7,5947.9
INFRAIETF,598753.3,559476.9
INFY,5798601.7,3509297.9
INGERRAND,16764.9,7730.6
INNOVACAP,48632.7,26946.5
INNOVANA,79815.1,28404.9
INOXINDIA,85820.3,38069.5
INOXWIND,4917762.3,1792040.7
INSECTICID,53479.8,26666.3
INSPIRISYS,75221.67,46365.0
INTELLECT,337017.5,168284.5
INTENTECH,62745.2,30545.9
INTERNET,293694.5,229494.5
INTLCONV,214452.0,100626.3
INVENTURE,1654769.4,1156634.9
IOB,10505139.6,4160557.7
IOC,13703058.1,6790303.6
IOLCP,1063468.7,467789.3
IONEXCHANG,111238.0,66197.2
IPCALAB,210727.2,114109.0
IPL,529178.0,193885.1
IRB,8869335.9,3909633.8
IRCON,3111955.0,824061.3
IRCTC,863025.5,417610.7
IREDA,12288359.3,4270649.8
IRFC,7172155.5,2454149.6
IRIS,116675.22,57729.33
IRISDOREME,328095.5,117814.25
IRMENERGY,218134.9,51873.5
ISFT,46363.2,24649.9
ISGEC,35165.4,19891.7
ISHANCH,157606.0,96354.0
IT,279513.0,251633.8
ITBEES,6834241.6,3974206.4
ITC,10280266.6,6935332.9
ITCHOTELS,3109091.8,1599219.8
ITDC,44932.9,13207.5
ITDCEM,642379.5,199590.4
ITETF,214997.9,151689.1
ITETFADD,14637.4,11643.0
ITI,586254.9,240694.6
ITIETF,381599.0,227847.8
IVC,397926.3,203240.5
IVP,18592.3,8547.6
IVZINGOLD,304.6,212.8
IVZINNIFTY,31.6,27.5
IXIGO,627309.2,285809.8
IZMO,63358.4,34866.2
J&KBANK,6005329.9,2238661.0
JAGRAN,133745.1,74730.1
JAGSNPHARM,150211.5,54301.9
JAIBALAJI,2001397.6,713959.5
JAICORPLTD,392184.6,139259.3
JAIPURKURT,17026.6,11169.8
JAMNAAUTO,1103925.5,481258.3
JASH,110503.1,55477.8
JAYAGROGN,12448.3,5831.3
JAYBARMARU,48232.7,25926.2
JAYNECOIND,1544835.2,778089.3
JAYSREETEA,78375.9,34963.5
JBCHEPHARM,599414.9,405824.5
JBMA,564634.3,146714.2
JCHAC,50374.9,27281.5
JETFREIGHT,66832.0,45107.0
JGCHEM,2231082.5,298852.8
JHS,62881.3,44862.8
JINDALPOLY,22668.5,12761.9
JINDALSAW,1557283.0,737148.4
JINDALSTEL,1176985.4,391013.5
JINDRILL,119798.4,53986.4
JINDWORLD,6926181.2,1634185.7
JIOFIN,17211228.1,6382633.3
JISLDVREQS,25202.3,13143.1
JISLJALEQS,2595617.3,1228285.6
JITFINFRA,58458.2,28856.2
JKCEMENT,115716.4,55342.3
JKIL,108613.0,55838.2
JKLAKSHMI,671356.7,389269.6
JKPAPER,1252783.8,286836.8
JKTYRE,734298.0,233590.3
JLHL,34376.2,25820.6
JMA,38336.7,18482.8
JMFINANCIL,8445782.2,2566586.9
JNKINDIA,66744.8,43883.2
JOCIL,3062.1,1614.0
JPOLYINVST,4857.5,2466.7
JPPOWER,335162241.0,75506941.0
JSFB,129467.2,73797.9
JSL,664104.8,306279.6
JSWENERGY,3696828.2,1547718.8
JSWHL,4337.0,2550.33
JSWINFRA,1830505.8,833159.6
JSWSTEEL,1298629.6,586302.8
JTEKTINDIA,514590.2,272311.8
JTLIND,4575422.7,1717586.9
JUBLCPL,2871.5,1495.3
JUBLFOOD,1137566.2,538126.0
JUBLINGREA,582599.9,228957.9
JUBLPHARMA,266158.4,136721.5
JUNIORBEES,387218.2,249720.7
JUNIPER,112600.3,59154.5
JUSTDIAL,201222.3,76058.6
JWL,641134.5,247515.8
JYOTHYLAB,916249.4,268202.9
JYOTICNC,2155207.4,1607266.2
JYOTISTRUC,21875105.1,7463579.1
KAJARIACER,687100.3,457977.0
KAKATCEM,2953.5,2031.3
KALAMANDIR,3016856.8,736257.8
KALPATARU,2063898.44,959438.89
KALYANIFRG,2336.5,1403.4
KALYANKJIL,4883253.9,1513417.3
KAMATHOTEL,58606.3,31197.0
KAMDHENU,5141239.6,1764260.8
KANANIIND,241741.7,155945.8
KANORICHEM,20441.7,10126.8
KANSAINER,193722.2,109579.9
KAPSTON,11075.7,4291.3
KARURVYSYA,3983521.9,1788481.7
KAUSHALYA,1940.2,626.3
KAYNES,545152.3,184523.2
KCP,124353.0,63442.4
KCPSUGIND,99390.6,56343.3
KDDL,22669.6,8928.1
KEC,381263.4,158902.3
KECL,218610.0,95130.3
KEI,300269.5,172459.8
KELLTONTEC,1018987.0,326862.2
KFINTECH,889252.8,341510.5
KHADIM,49140.3,32363.9
KHANDSE,57602.0,10924.2
KICL,3056.7,1605.8
KIMS,673262.2,366688.4
KINGFA,16721.6,6096.5
KIOCL,51501.8,16405.8
KIRIINDUS,247065.9,104275.8
KIRLOSBROS,504176.0,76600.6
KIRLOSENG,1189017.0,260547.5
KIRLOSIND,17449.0,5017.1
KIRLPNU,113523.3,43408.0
KITEX,839842.7,457028.6
KKCL,149574.2,70824.5
KMEW,63554.9,17987.1
KMSUGAR,110942.4,70356.0
KNRCON,1098200.9,425811.6
KOHINOOR,96978.9,40682.5
KOKUYOCMLN,140540.4,38956.6
KOLTEPATIL,401159.7,172870.3
KOPRAN,205996.1,99787.3
KOTAKBANK,3610229.3,2483330.4
KOTARISUG,41513.5,24118.7
KOTHARIPET,51879.2,24008.4
KOTHARIPRO,13447.1,8686.5
KPEL,267097.7,125142.8
KPIGREEN,909628.7,434415.2
KPIL,307302.8,169327.5
KPITTECH,948143.6,459144.7
KPRMILL,815462.4,305505.2
KRBL,975997.5,356797.1
KRIDHANINF,156685.33,101091.0
KRISHANA,211458.5,109021.6
KRITIKA,223145.3,150252.4
KRITINUT,11529.0,7471.9
KRN,1542931.9,283637.1
KRONOX,525118.2,139028.7
KROSS,141526.9,58092.3
KRSNAA,193239.1,75943.6
KSB,158302.2,61519.9
KSCL,191026.6,84542.3
KSHITIJPOL,185930.8,128662.4
KSL,136414.5,47046.5
KSOLVES,43719.1,23615.1
KTKBANK,3204899.9,1529196.5
KUANTUM,124675.2,68314.3
LAGNAM,17259.2,9764.1
LALPATHLAB,192235.5,113357.3
LAMBODHARA,15330.2,6766.0
LANCORHOL,170399.6,87363.6
LANDMARK,37276.7,15936.7
LAOPALA,66957.1,30815.6
LATENTVIEW,812645.4,235639.1
LATTEYS,142516.2,86940.8
LAURUSLABS,2916399.4,1224214.0
LAXMICOT,137026.1,45974.6
LAXMIDENTL,89254.6,35002.6
LEMONTREE,5817762.5,2260132.9
LEXUS,15178.7,9234.8
LFIC,14872.4,4489.4
LGBBROSLTD,15244.6,9189.5
LGHL,56374.1,10414.6
LIBAS,44396.2,24139.7
LICHSGFIN,1139459.6,554548.7
LICI,983895.6,427353.1
LICMFGOLD,3331.8,2919.6
LICNETFGSC,57838.8,50188.5
LICNETFN50,4236.1,3921.2
LICNETFSEN,78.2,64.2
LICNFNHGP,428.0,339.0
LICNMID100,9770.9,8628.8
LIKHITHA,78767.8,33221.6
LINC,193134.67,100239.33
LINCOLN,45468.4,19909.3
LINDEINDIA,40956.2,19853.0
LIQUID,257538.0,187646.2
LIQUID1,298142.6,188857.1
LIQUIDADD,863511.1,611923.9
LIQUIDBEES,5126190.5,4795621.8
LIQUIDBETF,428109.0,358109.0
LIQUIDCASE,11476716.7,8788647.5
LIQUIDETF,226917.9,201042.9
LIQUIDIETF,791880.0,566015.4
LIQUIDPLUS,96544.6,85237.5
LIQUIDSBI,5903.8,4950.4
LIQUIDSHRI,23489.6,15904.5
LLOYDSENGG,20474644.9,5219581.1
LLOYDSENT,5522460.9,2327018.7
LLOYDSME,469603.5,237232.9
LMW,2939.4,1539.1
LODHA,930784.2,508411.0
LOKESHMACH,284114.8,123143.8
LORDSCHLO,70168.9,32992.7
LOTUSEYE,51200.8,26367.7
LOVABLE,34267.6,21831.9
LOWVOL,4561.0,2808.3
LOWVOL1,160221.8,149391.0
LOWVOLIETF,2943978.8,2584045.7
LOYALTEX,2276.3,1335.9
LPDC,50631.8,27964.7
LT,1156485.8,720819.4
LTF,6154405.0,2422289.5
LTFOODS,1546239.0,453580.7
LTGILTBEES,2673886.9,2279100.3
LTIM,208880.1,105114.5
LTTS,86354.0,47708.2
LUMAXIND,18305.6,5840.7
LUMAXTECH,97998.2,48386.0
LUPIN,1250360.2,752924.5
LUXIND,30757.3,14254.6
LXCHEM,403206.1,175299.4
LYKALABS,31284.9,17717.7
M&M,1647601.4,990696.8
M&MFIN,2794415.0,1379944.9
MADHAV,12553.2,5884.1
MADRASFERT,127704.9,46153.2
MAFANG,672605.4,441758.2
MAGADSUGAR,15135.8,8624.7
MAGNUM,73983.5,45928.6
MAHABANK,19233920.7,7336966.4
MAHAPEXLTD,5350.7,3751.6
MAHEPC,49276.2,29456.8
MAHESHWARI,27624.5,17373.3
MAHKTECH,704745.6,504998.9
MAHLIFE,191495.6,83792.0
MAHLOG,207100.7,107749.1
MAHSCOOTER,10340.6,4431.6
MAHSEAMLES,303869.5,147609.6
MAITHANALL,62059.6,30533.6
MAKEINDIA,37887.9,33125.5
MALLCOM,10523.6,5761.4
MALUPAPER,77812.4,33608.5
MAMATA,4313982.5,538465.6
MANAKALUCO,83785.7,36244.8
MANAKCOAT,144313.4,83540.8
MANAKSIA,44586.6,22888.9
MANAKSTEEL,54114.8,33116.2
MANALIPETC,1070099.1,366440.2
MANAPPURAM,3854492.2,2134282.4
MANBA,59066.9,27271.7
MANCREDIT,38183.8,8652.8
MANGALAM,93922.1,47038.9
MANGCHEFER,248561.0,145690.0
MANGLMCEM,43296.6,23943.9
MANINDS,438471.9,202374.7
MANINFRA,771688.6,276776.9
MANKIND,1172772.9,476833.6
MANOMAY,11045.0,4963.8
MANORAMA,115938.2,48218.4
MANYAVAR,314760.0,156688.6
MAPMYINDIA,127019.3,75417.1
MARALOVER,13511.8,8346.2
MARATHON,622863.6,301977.1
MARICO,2278981.7,1157930.2
MARKSANS,926591.5,370611.1
MARUTI,328111.4,202164.5
MASFIN,94908.3,56752.4
MASPTOP50,637637.4,406720.6
MASTEK,98621.6,37939.7
MASTERTR,182817.1,84981.5
MATRIMONY,8993.0,5929.5
MAWANASUG,55543.7,26446.3
MAXESTATES,127968.9,71967.5
MAXHEALTH,1732858.8,1166135.9
MAXIND,37354.9,19757.4
MAYURUNIQ,39267.3,21784.3
MAZDA,511376.4,110189.5
MAZDOCK,1718359.2,348757.6
MBAPL,235997.5,73106.6
MBLINFRA,344192.3,104513.7
MCL,30815.7,19289.6
MCLEODRUSS,593170.0,348938.1
MCLOUD,1773489.3,543891.2
MCX,719507.7,284225.8
MEDANTA,850560.6,240824.2
MEDIASSIST,434158.5,242898.9
MEDICAMEQ,21912.0,12258.4
MEDICO,425267.3,196390.9
MEDPLUS,124185.5,76403.2
MEGASTAR,20519.7,11445.1
MENONBE,26484.3,15637.6
METAL,1259430.9,868834.3
METALIETF,4318354.8,2641267.4
METROBRAND,77114.3,49090.4
METROPOLIS,300035.1,60634.4
MFSL,747828.8,471649.6
MGEL,3304491.4,1520675.4
MGL,697724.5,252712.8
MHLXMIRU,11919.8,4976.6
MHRIL,100540.8,53848.5
MICEL,1073214.4,503336.7
MID150,27097.4,20196.7
MID150BEES,909872.4,558332.5
MID150CASE,981733.6,653735.9
MIDCAP,47314.4,25398.0
MIDCAPETF,1813041.3,1280886.8
MIDCAPIETF,1030424.7,715877.7
MIDHANI,593844.5,203513.8
MIDQ50ADD,4102.6,2688.4
MIDSELIETF,222812.9,152647.7
MIDSMALL,260062.5,198906.0
MINDACORP,448981.4,287831.2
MINDTECK,42566.0,19265.0
MIRCELECTR,750441.2,385459.5
MIRZAINT,326951.4,145436.4
MITCON,42360.2,19825.3
MITTAL,2156135.6,1551357.8
MMFL,57088.4,30097.2
MMP,74471.1,35277.7
MMTC,823357.4,404578.7
MNC,166997.2,143912.3
MOALPHA50,44393.0,20153.5
MOBIKWIK,3316308.5,861933.5
MOCAPITAL,669184.6,481972.5
MODEFENCE,2643517.4,1380199.2
MODISONLTD,63454.8,29142.6
MODTHREAD,930.7,666.9
MOGSEC,22270.0,20885.0
MOHEALTH,54087.9,40888.7
MOHITIND,46616.3,22640.0
MOIL,601847.6,236868.5
MOINFRA,2170.7,1907.9
MOKSH,410746.4,277938.5
MOL,1330016.4,569922.3
MOLDTECH,54302.5,26555.2
MOLDTKPAC,59284.5,37384.5
MOLOWVOL,186451.8,184086.9
MOM100,321229.2,198359.7
MOM30IETF,1066489.4,781048.6
MOM50,6498.1,5232.7
MOMENTUM,114235.6,98624.6
MOMENTUM50,588895.9,448090.5
MOMGF,363.22,359.22
MOMIDMTM,22023.29,19500.86
MOMOMENTUM,102933.5,73743.0
MON100,788769.2,551159.3
MON50EQUAL,1818.0,1674.0
MONARCH,482896.0,165390.2
MONEXT50,3242.7,2650.7
MONIFTY500,227529.8,174351.9
MONQ50,103925.8,80151.2
MONTECARLO,41636.4,17209.2
MOPSE,308.62,306.12
MOQUALITY,1461.4,1210.8
MOREALTY,417356.3,299619.9
MOREPENLAB,3743547.5,1269216.1
MOSCHIP,457397.4,196007.1
MOSMALL250,1266910.8,823742.1
MOTHERSON,7586015.7,4006238.2
MOTILALOFS,2576344.6,712610.0
MOTISONS,8602512.9,2676015.2
MOTOGENFIN,11499.1,7371.9
MOTOUR,3413.9,2965.7
MOVALUE,141256.9,117820.3
MPHASIS,417595.7,208837.2
MPSLTD,15588.2,7611.8
MRF,8089.2,3161.7
MRPL,5666585.5,1338650.0
MSCIINDIA,137886.2,135808.5
MSPL,1509635.4,733584.9
MSTCLTD,162647.4,65375.9
MSUMI,8147252.9,5178064.5
MTARTECH,71142.6,31083.1
MTNL,3438919.0,1132043.7
MUFIN,918069.7,388079.1
MUFTI,130057.5,58172.6
MUKANDLTD,837831.2,197894.7
MUKKA,241428.4,147400.6
MUKTAARTS,11597.9,6768.0
MULTICAP,135608.2,103156.1
MUNJALAU,429119.3,119149.8
MUNJALSHOW,407771.4,91228.1
MURUDCERA,59566.7,32203.7
MUTHOOTCAP,56426.1,24907.3
MUTHOOTFIN,408151.2,197992.1
MUTHOOTMF,719261.2,312636.1
MVGJL,328777.9,122881.6
NAGREEKCAP,4061.4,2881.1
NAGREEKEXP,9232.7,5690.2
NAHARCAP,13077.67,6526.0
NAHARSPING,35621.5,16827.9
NAM-INDIA,840962.2,489663.5
NARMADA,62522.0,41127.1
NATCAPSUQ,3859.1,1995.1
NATCOPHARM,2068149.6,746991.1
NATHBIOGEN,100787.22,63240.56
NATIONALUM,7668616.5,2788991.7
NAUKRI,1498504.8,872631.3
NAVA,558258.9,196204.6
NAVINFLUOR,153144.3,57426.6
NAVKARCORP,230752.1,111624.2
NAVNETEDUL,96688.9,58874.2
NAZARA,763582.2,275540.3
NBCC,8094088.6,3089600.7
NBIFIN,1053.3,778.7
NCC,3399721.8,1192563.8
NCLIND,217639.3,117398.0
NDGL,89.2,59.0
NDL,8400215.4,3719375.9
NDLVENTURE,69446.2,34430.0
NDRAUTO,112177.8,36524.8
NECCLTD,102153.1,56038.1
NECLIFE,11693187.3,4469486.2
NELCAST,169004.9,60424.2
NELCO,135248.8,45518.3
NEOGEN,19322.9,8826.2
NESCO,134566.6,62359.7
NESTLEIND,497264.9,286995.7
NETF,1780.1,1381.4
NETWEB,532194.7,94098.9
NETWORK18,4521304.7,1737333.8
NEULANDLAB,56392.3,21111.5
NEWGEN,220968.8,103431.1
NEXT30ADD,29657.5,28157.6
NEXT50,22937.0,19414.9
NEXT50IETF,1231702.3,656055.9
NEXTMEDIA,24657.0,21303.1
NFL,1193416.6,365748.1
NGIL,31449.4,13253.0
NH,694089.9,225943.0
NHPC,13589608.0,6048274.7
NIACL,576057.9,178122.7
NIBE,33859.8,16306.1
NIF100BEES,23372.0,15896.4
NIF100IETF,280975.1,261461.1
NIF10GETF,7539.7,6474.6
NIF5GETF,3692.0,2373.9
NIFITETF,1357.7,1002.4
NIFMID150,1603.9,1160.3
NIFTY1,89551.0,74221.2
NIFTY100EW,10831.7,9046.7
NIFTY50ADD,28990.7,17427.8
NIFTYBEES,5310368.2,3557159.9
NIFTYBETF,106019.7,105738.8
NIFTYETF,254597.0,233769.9
NIFTYIETF,264439.9,178447.2
NIFTYQLITY,197014.3,173982.2
NIITLTD,378345.5,153104.7
NIITMTS,187086.6,113106.1
NILAINFRA,1630600.7,888897.7
NILASPACES,1374860.5,652788.3
NILKAMAL,4458.3,2451.8
NINSYS,5565.2,2930.4
NIPPOBATRY,7257.1,4049.0
NIRAJ,21002.4,11738.2
NITCO,550194.0,312311.1
NITINSPIN,85698.2,39025.9
NITIRAJ,4681.6,3404.5
NIVABUPA,5992081.4,2638886.4
NKIND,578.7,406.9
NLCINDIA,830316.4,371025.9
NMDC,22817053.5,10218970.6
NOCIL,718525.5,385637.9
NORTHARC,3359440.4,1090940.3
NOVAAGRI,423472.7,209639.6
NPBET,513.3,387.3
NPST,8343.5,4447.9
NRBBEARING,185208.7,100835.0
NSIL,11338.3,5290.6
NSLNISP,2341387.9,1135066.1
NTPC,10806167.2,7099921.0
NTPCGREEN,10958190.5,5850587.5
NUCLEUS,19305.0,10161.9
NUVAMA,264724.1,107114.3
NUVOCO,155904.6,87949.5
NV20,23948.3,16435.2
NV20BEES,152874.5,144958.1
NV20IETF,385752.1,235551.3
NYKAA,14859394.0,6956266.1
OAL,13310.1,7982.1
OBCL,6720.8,5322.5
OBEROIRLTY,415333.7,230050.6
OFSS,117999.2,45862.8
OIL,2977300.9,1400873.9
OILCOUNTUB,48152.6,27190.2
OILIETF,2492611.6,1940870.3
OLAELEC,36343096.9,12987040.1
OLECTRA,524468.9,158810.2
OMAXAUTO,190871.6,61017.4
OMAXE,923851.0,248487.8
OMINFRAL,126557.9,59243.9
ONESOURCE,206428.6,127519.2
ONGC,8925244.7,4733025.8
ONMOBILE,237483.1,76626.3
ONWARDTEC,96737.0,56430.0
OPTIEMUS,212027.1,82823.9
ORBTEXP,152403.0,47411.0
ORCHPHARMA,94125.3,52370.0
ORICONENT,373807.9,175997.2
ORIENTBELL,8677.1,4510.6
ORIENTCEM,705206.0,350932.4
ORIENTCER,193430.0,83091.9
ORIENTELEC,68239.6,38546.1
ORIENTHOT,184023.1,101217.3
ORIENTLTD,4855.8,3398.9
ORIENTPPR,1269469.9,479445.9
ORIENTTECH,314052.5,120056.1
ORISSAMINE,5784.2,2695.4
OSWALAGRO,187637.4,82302.4
OSWALGREEN,297294.4,107339.0
OSWALPUMPS,1948776.8,678903.8
OSWALSEEDS,40566.1,28742.7
PAGEIND,21491.3,10670.1
PAISALO,11195398.0,3955959.7
PAKKA,344566.2,108024.7
PALASHSECU,2654.0,1417.4
PANACEABIO,190188.9,84944.3
PANAMAPET,27484.1,14480.7
PARACABLES,1214608.1,552666.0
PARADEEP,3018189.2,1440441.3
PARAGMILK,1486256.9,627646.4
PARAS,1510001.1,475223.7
PARASPETRO,204290.8,154727.6
PARKHOTELS,738950.9,337937.9
PARSVNATH,7043725.8,2949574.6
PASUPTAC,125535.9,70919.9
PATANJALI,1178385.7,429999.3
PATELENG,1965633.2,1016522.6
PATINTLOG,404263.0,222547.8
PAVNAIND,24467.8,10292.1
PAYTM,3106439.4,1113494.8
PCBL,2226760.4,703664.0
PCJEWELLER,185652159.0,45583236.5
PDMJEPAPER,183915.3,98441.6
PDSL,206738.8,91247.2
PEARLPOLY,25550.7,15476.9
PEL,623346.6,298193.9
PENIND,677710.5,279979.1
PENINLAND,2821614.2,1064272.6
PERSISTENT,294588.2,147393.7
PETRONET,3658452.7,2300481.7
PFC,8228394.9,4034486.4
PFIZER,57447.4,29503.5
PFOCUS,3393583.3,890146.9
PFS,643814.7,314284.5
PGEL,2680626.8,1071621.3
PGHH,7200.6,3909.5
PGHL,9139.7,6028.4
PGIL,81145.5,32622.9
PHARMABEES,4586676.4,3158362.1
PHOENIXLTD,980469.1,598552.7
PICCADIL,70701.88,45079.25
PIDILITIND,252888.0,148707.7
PIIND,172030.7,104769.8
PILANIINVS,7334.6,3873.8
PIONEEREMB,16731.1,9546.0
PITTIENG,35566.7,15820.0
PIXTRANS,26961.3,14955.6
PLASTIBLEN,21766.2,13352.5
PLATIND,86279.7,40364.0
PLAZACABLE,34243.8,17212.3
PNB,26938562.7,10802769.0
PNBGILTS,585508.8,250502.9
PNBHOUSING,647798.8,373350.3
PNCINFRA,284098.1,118629.0
PNGJL,320000.3,144231.5
POCL,449572.6,163603.0
PODDARMENT,4154.0,2268.9
POKARNA,96663.5,42046.5
POLICYBZR,1149361.1,606821.8
POLYCAB,291965.2,159679.2
POLYMED,119176.2,70595.4
POLYPLEX,84801.0,48309.4
PONNIERODE,8205.5,4183.1
POONAWALLA,1606235.6,706533.9
POWERGRID,9066424.2,6060896.1
POWERINDIA,113033.1,43088.6
POWERMECH,86382.4,40148.0
PPL,61117.0,36961.6
PPLPHARMA,3419494.1,1473287.9
PRABHA,107741.2,50041.0
PRAENG,114317.1,52808.1
PRAJIND,473365.2,227536.6
PRAKASH,461447.7,221834.2
PRAKASHSTL,193707.3,121461.4
PRECAM,382976.3,113670.2
PRECOT,5948.88,4517.62
PRECWIRE,176390.1,97183.5
PREMEXPLN,371824.9,129569.2
PREMIERENE,1710411.4,605353.2
PREMIERPOL,68604.7,40995.7
PRESTIGE,661347.5,318635.6
PRICOLLTD,213843.7,104897.3
PRIMESECU,56490.7,36661.6
PRIMO,107875.5,61369.9
PRINCEPIPE,371432.7,160312.1
PRITI,15764.1,9039.9
PRITIKAUTO,221799.3,134604.1
PRIVISCL,181601.8,79635.9
PROSTARM,6728105.5,1533201.6
PROTEAN,473879.3,235689.2
PROZONER,531458.0,320848.5
PRSMJOHNSN,943803.1,105783.5
PRUDENT,27031.9,13804.0
PRUDMOULI,8500.6,5266.5
PSB,2987139.4,1201325.0
PSPPROJECT,184789.3,87037.1
PSUBANK,91611.0,79474.1
PSUBANKADD,20028.6,13723.9
PSUBNKBEES,4226497.9,3001216.9
PSUBNKIETF,262403.3,158583.7
PTC,1064700.3,522827.2
PTCIL,20568.8,8305.8
PTL,317152.9,201593.8
PUNJABCHEM,9384.2,4385.6
PURVA,293248.8,81084.8
PVP,421383.5,247436.6
PVRINOX,285084.5,141396.4
PVSL,80931.7,40017.8
PVTBANIETF,730159.0,559496.9
PVTBANKADD,36544.2,25325.4
PYRAMID,26746.3,15816.0
Q,59.46,51.38
QGOLDHALF,125588.5,76171.1
QNIFTY,806.1,643.4
QPOWER,2243366.1,469415.4
QUADFUTURE,153452.5,48406.6
QUAL30IETF,445715.9,420121.3
QUESS,292453.9,133311.9
QUICKHEAL,1111652.9,178798.8
RACE,10900.2,7328.4
RACLGEAR,6239.2,4032.0
RADAAN,72050.9,48656.2
RADHIKAJWE,414811.1,164705.4
RADIANTCMS,271055.7,183151.3
RADICO,205672.9,109911.9
RADIOCITY,111027.0,65519.0
RAILTEL,1773489.0,427094.0
RAIN,716286.0,332793.6
RAINBOW,210092.0,118178.8
RAJESHEXPO,606955.2,232328.2
RAJOOENG,783128.5,356043.0
RAJRATAN,48330.4,23739.0
RAJSREESUG,24981.1,13059.1
RALLIS,533996.6,175150.7
RAMAPHO,53828.0,29980.0
RAMASTEEL,9734712.8,3395862.7
RAMCOCEM,539671.3,294909.4
RAMCOIND,179357.4,97386.5
RAMKY,238462.4,106641.9
RAMRAT,26677.0,13718.1
RANASUG,280135.3,163849.7
RANEHOLDIN,6898.9,4110.1
RATEGAIN,833408.9,346114.4
RATNAMANI,132685.0,105389.8
RATNAVEER,223689.1,119659.5
RAYMOND,6258825.3,599012.8
RAYMONDLSL,1087447.1,144439.2
RBA,960886.1,572303.7
RBLBANK,13584418.3,5318468.5
RBZJEWEL,109781.3,53355.0
RCF,1017267.8,332329.3
RECLTD,7474216.0,3751680.2
REDINGTON,2867776.1,1094286.1
REDTAPE,695806.5,330757.7
REFEX,329284.4,129736.8
RELAXO,1823019.1,313350.9
RELCHEMQ,16775.3,9012.4
RELIABLE,9450.6,5497.4
RELIANCE,8360095.9,4639637.2
RELIGARE,3313430.6,1505757.9
REMSONSIND,695080.4,203374.9
RENUKA,4111700.9,1340883.3
REPCOHOME,120117.3,62562.5
REPL,10284.3,6122.5
REPRO,17269.7,9332.7
RESPONIND,294288.7,121898.7
RETAIL,8621.5,3964.0
RGL,240260.9,96098.5
RHIM,339188.8,116307.8
RHL,19205.3,8792.6
RICOAUTO,459325.7,172034.3
RIIL,96082.8,23759.5
RISHABH,71917.3,32308.8
RITCO,191950.4,83000.2
RITES,3819575.9,605494.7
RKDL,25732.1,13453.8
RKEC,38472.5,26482.2
RKFORGE,730859.0,307223.2
RKSWAMY,59260.6,38912.4
RML,23980.2,11168.4
ROHLTD,72106.5,33043.1
ROLEXRINGS,17797.6,9171.1
ROML,114645.2,41471.4
ROSSARI,99925.0,43953.5
ROSSELLIND,38802.0,22593.1
ROTO,655073.3,259852.0
ROUTE,117052.9,44535.5
RPEL,31105.0,17894.3
RPGLIFE,31207.7,11310.6
RPPINFRA,177792.8,85594.0
RPPL,117698.4,68990.6
RPSGVENT,29170.5,15190.6
RPTECH,63797.0,38875.0
RRKABEL,152722.8,53084.4
RSWM,42882.2,24671.7
RSYSTEMS,150822.9,57827.3
RTNINDIA,16480129.2,2734796.7
RTNPOWER,244257316.8,47901517.1
RUBFILA,157683.9,85927.8
RUBYMILLS,27582.6,15454.8
RUCHIRA,123847.6,61923.4
RUPA,155627.1,78984.9
RUSHIL,384426.0,205279.9
RUSTOMJEE,130921.3,47206.3
RVHL,18845.7,12911.7
RVNL,3860987.5,1079510.9
SABTNL,5254.4,4740.8
SADBHAV,351030.4,231502.8
SADBHIN,222413.0,163995.9
SAFARI,14586.0,8056.0
SAGARDEEP,9253.3,6422.9
SAGCEM,103796.0,56338.1
SAGILITY,51820674.9,20888611.3
SAHYADRI,5154.6,3433.0
SAIL,12569785.9,4509882.6
SAILIFE,1291605.6,423463.0
SAKHTISUG,196438.4,105576.3
SAKSOFT,3720679.3,417968.8
SALASAR,38294790.2,11851677.4
SALONA,27540.7,5817.8
SALSTEEL,103640.3,58788.7
SALZERELEC,60550.1,31740.9
SAMBHAAV,96748.7,57401.7
SAMBHV,30988980.25,8493140.62
SAMHI,2073975.9,920726.9
SAMMAANCAP,21706428.1,9243438.7
SAMPANN,20037.6,9730.8
SANATHAN,228297.1,120495.8
SANDESH,1377.8,776.2
SANDHAR,60747.2,30511.0
SANDUMA,246020.0,107262.3
SANGAMIND,67028.2,24680.9
SANGHIIND,297680.5,166388.3
SANGHVIMOV,229545.8,93919.5
SANGINITA,25171.3,19459.9
SANOFI,13107.0,8336.0
SANOFICONR,21510.9,8712.9
SANSERA,115109.7,80127.0
SANSTAR,899073.8,331552.4
SAPPHIRE,2945051.4,374790.4
SARDAEN,491218.0,157759.9
SAREGAMA,246740.1,115212.1
SARVESHWAR,8726977.6,3578739.8
SASKEN,13034.4,7083.3
SASTASUNDR,11580.3,6530.2
SATIA,159766.4,70699.1
SATIN,315140.8,142185.7
SAURASHCEM,82270.1,48029.9
SBC,8120131.9,4629882.6
SBCL,81197.1,40048.8
SBFC,4876597.5,1855355.4
SBIBPB,29137.4,23784.1
SBICARD,1349990.2,606064.0
SBIETFCON,5026.0,4181.1
SBIETFIT,5772.8,4278.3
SBIETFPB,4502.0,3872.8
SBIETFQLTY,73335.8,73019.2
SBILIFE,817059.3,514292.5
SBIN,8198732.7,4469002.3
SBINEQWETF,20685.1,16479.8
SBISILVER,1488170.0,1391376.9
SCHAEFFLER,111925.4,55231.6
SCHAND,56029.3,30307.5
SCI,2989687.7,744677.5
SCILAL,368461.6,172877.0
SCODATUBES,1788751.7,563780.8
SCPL,9358.9,6165.1
SDBL,1395802.2,618334.9
SDL26BEES,4529.7,3321.8
SEAMECLTD,18451.7,9179.3
SELAN,91086.0,39150.5
SELECTIPO,23851.1,21492.0
SEMAC,6250.5,4082.2
SENCO,769509.0,457714.6
SENORES,351956.6,142790.2
SENSEXADD,2636.0,2261.7
SENSEXETF,8269.9,6394.6
SENSEXIETF,8180.5,5631.5
SEPC,12153279.1,4182308.6
SEQUENT,371526.1,155795.8
SERVOTECH,883119.4,360010.5
SESHAPAPER,39872.9,18281.2
SETF10GILT,16780.0,10882.1
SETFGOLD,2515914.1,2100623.0
SETFNIF50,542590.9,465367.1
SETFNIFBK,164514.0,150531.3
SETFNN50,23104.5,15037.7
SFL,107427.4,57381.0
SGIL,113951.22,24095.44
SHAHALLOYS,40615.11,29321.33
SHAILY,61361.0,34805.33
SHAKTIPUMP,405614.56,185807.0
SHALBY,95526.56,48988.0
SHALPAINTS,94335.56,50073.11
SHANKARA,105753.44,55375.11
SHANTIGEAR,66619.56,31053.33
SHARDACROP,505831.78,149462.78
SHARDAMOTR,246584.78,85122.78
SHAREINDIA,319886.11,140338.33
SHARIABEES,7535.44,5406.78
SHEMAROO,228399.29,72213.86
SHIVALIK,27625.78,15064.22
SHIVAMAUTO,80617.67,45781.33
SHIVAMILLS,3202.67,1990.0
SHIVATEX,5641.0,3142.11
SHK,238977.78,144285.89
SHOPERSTOP,116932.44,94217.56
SHRADHA,22214.89,11525.0
SHREDIGCEM,246333.44,140206.0
SHREECEM,29132.22,13886.56
SHREEPUSHK,238942.67,69273.22
SHREERAMA,113297.44,64449.0
SHRENIK,1073301.78,777190.78
SHRIPISTON,60760.44,28638.11
SHRIRAMFIN,3629574.78,2011621.11
SHRIRAMPPS,1092603.33,396368.11
SHYAMMETL,222530.44,123078.78
SIEMENS,620974.22,243220.78
SIGACHI,21454316.22,4375255.33
SIGNATURE,372351.0,76530.0
SIGNPOST,1443565.78,842732.56
SIKKO,58341.89,33725.11
SIL,36701.33,25454.44
SILINV,2092.0,1471.22
SILLYMONKS,112462.67,35705.33
SILVER,520295.44,412409.44
SILVER1,305675.11,214622.67
SILVER360,5289.11,3344.44
SILVERADD,455185.78,429350.89
SILVERBEES,12060975.56,7834822.67
SILVERCASE,2168442.11,1977040.56
SILVERETF,330503.78,200762.67
SILVERIETF,3663694.56,3001235.56
SILVERTUC,41078.89,25082.44
SILVRETF,215723.11,191743.78
SIMPLEXINF,62337.67,38648.67
SINCLAIR,169540.78,90113.67
SINDHUTRAD,10074219.89,2729233.33
SINTERCOM,7436.22,5742.56
SIRCA,485518.33,201295.89
SIS,52181.22,30092.56
SIYSIL,462991.33,64127.0
SJS,117925.33,62788.78
SJVN,4461522.78,1273731.89
SKFINDIA,93452.67,56752.89
SKIPPER,245046.0,105548.44
SKYGOLD,555539.56,333057.89
SMALLCAP,1217039.11,813568.67
SMARTLINK,7133.56,3734.0
SMCGLOBAL,361883.33,177605.0
SMLISUZU,473789.44,90147.22
SMLT,15936.78,7762.44
SMSLIFE,538.4,359.9
SMSPHARMA,82566.1,35997.9
SNOWMAN,365544.1,159304.4
SNXT30BEES,9208.1,7552.3
SOBHA,313217.5,136343.1
SOFTTECH,20956.5,9733.4
SOLARA,170043.1,64301.0
SOLARINDS,158360.3,89446.6
SOMANYCERA,33386.3,13904.0
SOMATEX,159298.0,92934.8
SOMICONVEY,17256.4,6040.7
SONACOMS,2196719.9,1212836.7
SONAMLTD,45024.1,25338.9
SONATSOFTW,2396066.3,553004.0
SOTL,30829.6,14378.7
SOUTHBANK,13922440.8,6983063.6
SPAL,40269.4,21753.8
SPANDANA,196593.4,85216.8
SPARC,397618.3,150905.5
SPECIALITY,39675.6,22328.7
SPECTRUM,6128.6,4177.7
SPENCERS,151849.3,88125.2
SPIC,721076.3,341511.6
SPLPETRO,37767.2,17188.7
SPMLINFRA,1203248.9,378942.2
SPORTKING,284921.3,116027.4
SRD,554590.7,98304.6
SREEL,4126.9,2517.9
SRF,422685.5,241224.6
SRGHFL,3947.8,3084.8
SRHHYPOLTD,43315.4,13922.3
SRM,119163.6,55192.6
SSDL,33230.9,18171.0
SSWL,465291.7,249413.8
STANLEY,72886.1,29368.2
STAR,398884.9,160767.4
STARCEMENT,152540.8,67293.5
STARHEALTH,1049370.9,666648.1
STARPAPER,23308.2,9945.7
STARTECK,9979.8,1104.1
STEELCAS,30128.3,9051.8
STEELCITY,14080.4,8642.2
STEELXIND,7127805.7,2928455.5
STEL,2163.3,1320.0
STERTOOLS,148818.3,57394.9
STLTECH,6301366.0,1681511.7
STOVEKRAFT,70224.5,37990.2
STYLAMIND,25572.8,14998.9
STYLEBAAZA,580221.0,227045.0
STYRENIX,21713.2,12022.4
SUBROS,298409.2,82656.1
SUDARSCHEM,101809.6,44106.5
SUKHJITS,21278.1,14738.1
SULA,175034.0,80713.9
SUMEETINDS,8064.5,8064.5
SUMICHEM,524769.1,282469.7
SUMIT,46836.1,26269.5
SUMMITSEC,5287.0,2549.3
SUNCLAY,6402.3,3537.5
SUNDARAM,413905.8,325497.0
SUNDARMFIN,78671.5,52846.9
SUNDARMHLD,187834.5,74464.3
SUNDRMBRAK,1679.3,1110.5
SUNDRMFAST,168951.2,76778.6
SUNDROP,13301.1,7663.4
SUNFLAG,668537.8,256321.9
SUNPHARMA,1851714.9,1216371.9
SUNTECK,148819.3,80157.1
SUNTV,257586.7,130014.9
SUPERHOUSE,5670.7,3502.0
SUPERSPIN,198059.5,91104.9
SUPRAJIT,104370.9,57391.6
SUPREME,243212.3,78850.5
SUPREMEIND,151825.8,99749.3
SUPRIYA,320241.0,153997.9
SURAJEST,88401.7,46873.8
SURAJLTD,9756.7,2200.5
SURAKSHA,74426.6,54481.7
SURANASOL,139783.5,68766.1
SURANAT&P,69165.9,40872.8
SURYALAXMI,71484.5,20689.2
SURYAROSNI,237720.9,123290.1
SURYODAY,228786.4,90514.7
SUZLON,48938889.9,19401057.9
SWANENERGY,1769242.8,582500.8
SWARAJENG,49536.3,19434.3
SWIGGY,8651962.8,3905530.4
SWSOLAR,3828229.8,1285794.2
SYMPHONY,78952.8,33950.7
SYNGENE,620640.6,389492.3
SYRMA,3270556.3,752444.4
TAINWALCHM,3194.0,1636.6
TAJGVK,151784.7,72051.9
TALBROAUTO,117804.0,54374.9
TANLA,308442.8,131042.0
TARACHAND,424712.6,224023.4
TARC,681764.3,316858.2
TARIL,1232756.5,627503.8
TARMAT,146764.5,41867.5
TARSONS,38892.2,23892.7
TASTYBITE,4364.7,1762.1
TATACHEM,553905.7,229854.3
TATACOMM,778020.3,333696.2
TATACONSUM,936927.3,525308.0
TATAELXSI,306797.4,78759.9
TATAGOLD,9584228.6,6491822.3
TATAINVEST,21059.2,8889.6
TATAMOTORS,7100877.6,2800125.6
TATAPOWER,5107929.3,2273644.7
TATASTEEL,27745511.9,12135921.1
TATATECH,1062089.4,436311.5
TATSILV,2992792.8,2084827.4
TATVA,79412.6,33501.5
TBOTEK,256698.9,99132.7
TBZ,351400.9,104289.9
TCI,59927.1,19650.9
TCIEXP,13990.6,7893.0
TCPLPACK,5551.2,2345.2
TCS,2724522.5,1735003.9
TDPOWERSYS,559001.3,269901.0
TEAMLEASE,24233.1,14815.9
TECH,22043.1,17759.5
TECHM,1642477.3,971413.3
TECHNOE,270580.4,129999.4
TEGA,174368.2,86953.9
TEJASNET,487008.3,182124.1
TEXINFRA,119338.2,75578.6
TEXMOPIPES,109449.3,41058.3
TEXRAIL,1735134.1,711080.6
TFCILTD,2257670.3,935246.8
TFL,138099.62,73563.88
TGBHOTELS,27646.6,18661.0
THANGAMAYL,42839.8,21986.1
THEINVEST,21758.7,12319.8
THEJO,15778.1,7336.9
THELEELA,679382.6,414505.9
THEMISMED,176728.0,90829.9
THERMAX,100824.8,53294.1
THOMASCOOK,1603247.4,567371.4
THOMASCOTT,84632.25,43976.5
THYROCARE,67607.1,33252.3
TI,614268.1,248045.2
TIIL,24667.2,14745.7
TIINDIA,261804.6,148869.0
TIJARIA,64196.62,41558.62
TIMESGTY,19743.1,6588.0
TIMETECHNO,702603.6,197771.0
TIMKEN,84950.7,53067.9
TINNARUBR,14728.8,7626.8
TIPSFILMS,14119.0,4707.3
TIPSMUSIC,154884.3,96261.4
TIRUMALCHM,459394.6,199911.4
TITAGARH,1718589.0,534326.3
TITAN,1161465.3,688381.4
TMB,72742.7,43547.6
TNIDETF,61362.9,42034.5
TNPETRO,903125.1,298817.8
TNPL,336127.3,128855.1
TNTELE,1097494.75,342402.75
TOKYOPLAST,5263.6,3559.8
TOLINS,152116.7,70221.1
TOP100CASE,534310.6,319346.8
TOP10ADD,188167.6,168127.7
TOP15IETF,105935.25,68360.38
TORNTPHARM,730938.6,382202.6
TORNTPOWER,330694.7,176104.9
TOTAL,7145.2,5124.1
TOUCHWOOD,14786.7,7565.5
TPLPLASTEH,117788.3,21345.7
TRACXN,521452.8,168872.2
TRANSRAILL,4787652.7,1106897.9
TRANSWORLD,20842.5,10880.3
TREJHARA,15295.3,9201.1
TREL,222183.2,130077.7
TRENT,1812499.8,754361.3
TRF,18201.2,10977.6
TRIDENT,14790963.1,3754302.1
TRIGYN,27012.0,14528.3
TRITURBINE,1309516.6,543635.2
TRIVENI,386432.9,169925.1
TTKHLTCARE,7588.5,3586.4
TTKPRESTIG,46723.2,22340.9
TVSHLTD,10887.3,7737.0
TVSMOTOR,603105.1,360041.2
TVSSCS,510591.4,226676.3
TVSSRICHAK,25779.5,3399.4
TVTODAY,39601.0,22813.9
UBL,140007.4,98623.6
UCAL,40258.0,19187.8
UCOBANK,10210103.6,3762327.6
UDAICEMENT,1198199.7,637813.5
UDS,275884.9,172548.0
UFLEX,22904.6,11776.4
UFO,149689.1,64988.0
UGARSUGAR,271543.9,128233.3
UGROCAP,636998.5,340024.2
UJJIVANSFB,10583020.4,5102110.6
ULTRACEMCO,271208.7,169130.3
UMAEXPORTS,155165.67,89072.33
UMESLTD,17342.3,13425.9
UMIYA-MRO,50052.0,28471.8
UNICHEMLAB,46520.5,26805.6
UNIDT,22720.6,11389.5
UNIECOM,287714.7,125193.1
UNIENTER,8655.4,5164.8
UNIONBANK,12602421.8,4587038.8
UNIONGOLD,919.8,718.3
UNIPARTS,51341.8,29201.4
UNITDSPR,1308810.4,891760.2
UNITEDPOLY,809200.3,516633.7
UNITEDTEA,3824.6,2141.2
UNIVASTU,141460.7,41477.8
UNIVCABLES,40574.9,20845.6
UNIVPHOTO,129966.83,32010.83
UNOMINDA,576511.1,282297.1
UPL,1921605.0,935714.8
URJA,1855233.2,709006.3
USHAMART,495562.7,202711.3
USK,86271.2,51631.5
UTIAMC,484995.8,131675.8
UTIBANKETF,1373507.4,1301624.5
UTINEXT50,48311.4,26182.7
UTINIFTETF,30483.9,27021.7
UTISENSETF,1515.0,1173.3
UTISXN50,3532.0,2955.4
UTKARSHBNK,1889330.5,937112.7
UTTAMSUGAR,43438.6,19896.1
UYFINCORP,525515.5,235874.6
V2RETAIL,74012.0,49922.9
VADILALIND,8233.9,3934.0
VAIBHAVGBL,221377.0,97656.7
VAISHALI,765160.2,515233.6
VAL30IETF,72015.6,59669.0
VALIANTLAB,42482.9,29814.0
VARDHACRLC,54945.2,29586.7
VARDMNPOLY,417544.6,286492.2
VARROC,178395.7,88049.5
VASCONEQ,1003389.1,412982.1
VASWANI,696724.3,191685.5
VBL,6507115.6,3828261.9
VEDL,12097609.9,4819021.5
VEEDOL,24525.7,13868.1
VENKEYS,21039.0,11894.0
VENTIVE,555315.3,264145.0
VENUSPIPES,310936.0,66599.0
VERANDA,531640.6,170905.7
VESUVIUS,67596.9,33744.6
VETO,120556.3,57575.1
VGUARD,262781.4,129391.0
VHL,827.5,426.1
VIDHIING,29549.2,23196.7
VIJAYA,196254.7,84760.9
VIJIFIN,154419.0,100090.8
VIKASECO,3983452.6,2198838.7
VIKASLIFE,4309466.2,2222223.2
VIMTALABS,154482.1,49146.8
VINATIORGA,40120.3,20719.8
VINCOFE,2569586.4,970085.9
VINDHYATEL,9227.3,5380.9
VIPCLOTHNG,682624.0,176198.7
VIPIND,1063543.4,404796.4
VIRINCHI,1002570.4,416253.9
VISAKAIND,806263.0,419642.33
VISHNU,103485.8,46650.2
VISHWARAJ,409784.0,252696.5
VIVIDHA,348742.6,196403.5
VLSFINANCE,23197.6,12097.1
VMART,132532.1,54068.0
VMM,15237095.5,6846980.2
VOLTAMP,44933.2,18675.0
VOLTAS,1296006.3,700344.8
VPRPL,293159.4,134780.3
VRAJ,20627.3,11771.5
VRLLOG,228395.5,130914.2
VSSL,64084.3,27590.2
VSTIND,985566.8,427441.7
VSTL,193098.9,55964.3
VSTTILLERS,53679.8,18761.7
VTL,1228353.1,187323.6
WAAREEENER,3160661.4,795443.6
WAAREERTL,160174.6,76617.7
WABAG,307005.8,148526.0
WCIL,892447.9,235620.2
WEALTH,6910.1,3543.3
WEBELSOLAR,103709.8,52110.2
WEIZMANIND,17231.6,7741.4
WEL,593147.4,140169.0
WELCORP,796909.7,276355.1
WELENT,139249.2,67455.2
WELSPUNLIV,4984044.8,1680053.5
WENDT,56914.2,25389.8
WESTLIFE,128850.4,31293.6
WEWIN,3133.6,1816.0
WHEELS,54760.4,25286.8
WHIRLPOOL,219871.0,150746.8
WILLAMAGOR,37351.1,14978.5
WINDLAS,42595.9,21773.8
WINDMACHIN,151283.9,67083.5
WIPL,3079.3,1529.5
WIPRO,7820984.1,3921679.7
WOCKPHARMA,961259.0,260540.0
WONDERLA,30810.8,15029.9
WORTH,11061.1,8080.8
WSTCSTPAPR,154309.4,68577.7
XCHANGING,145433.0,66726.3
XELPMOC,11090.5,6858.4
XPROINDIA,32949.5,16521.4
XTGLOBAL,21583.3,12937.5
YASHO,6912.5,3862.0
YATHARTH,729652.6,272762.0
YATRA,218573.1,112124.5
YESBANK,57012084.8,24481970.9
YUKEN,14997.2,8249.5
ZAGGLE,404645.2,194536.3
ZEEL,18484603.2,6376719.1
ZEEMEDIA,4987060.8,1723829.6
ZENITHEXPO,1860.5,984.3
ZENSARTECH,599131.8,216592.5
ZENTEC,403633.0,181162.1
ZFCVINDIA,9973.6,6265.6
ZIMLAB,72481.5,46636.7
ZODIACLOTH,20011.0,9857.2
ZOTA,330585.7,78583.1
ZUARI,127846.4,67440.3
ZUARIIND,43701.0,25583.4
ZYDUSLIFE,866771.6,487061.9
ZYDUSWELL,39930.9,20428.8
